,Loan_ID,Gender,Married,Dependents,Education,Self_Employed,ApplicantIncome,CoapplicantIncome,LoanAmount,Loan_Amount_Term,Credit_History,Property_Area,LoanAmount_log,ApplicantIncome_log,Loan_Status
0,LP001002,1,0,0,0,0,5849,0.0,130.0,360.0,1.0,2,4.867534450455582,8.674025985443025,1
1,LP001003,1,1,1,0,0,4583,1508.0,128.0,360.0,1.0,0,4.852030263919617,8.430109084509125,0
2,LP001005,1,1,0,0,1,3000,0.0,66.0,360.0,1.0,2,4.189654742026425,8.006367567650246,1
3,LP001006,1,1,0,1,0,2583,2358.0,120.0,360.0,1.0,2,4.787491742782046,7.8567067930958405,1
4,LP001008,1,0,0,0,0,6000,0.0,141.0,360.0,1.0,2,4.948759890378168,8.699514748210191,1
5,LP001011,1,1,2,0,1,5417,4196.0,267.0,360.0,1.0,2,5.58724865840025,8.597297435657898,1
6,LP001013,1,1,0,1,0,2333,1516.0,95.0,360.0,1.0,2,4.553876891600541,7.75491027202143,1
7,LP001014,1,1,3,0,0,3036,2504.0,158.0,360.0,0.0,1,5.062595033026967,8.01829613851552,0
8,LP001018,1,1,2,0,0,4006,1526.0,168.0,360.0,1.0,2,5.123963979403259,8.295548516225763,1
9,LP001020,1,1,1,0,0,12841,10968.0,349.0,360.0,1.0,1,5.855071922202427,9.460398455831275,0
10,LP001024,1,1,2,0,0,3200,700.0,70.0,360.0,1.0,2,4.248495242049359,8.070906088787819,1
11,LP001027,1,1,2,0,0,2500,1840.0,109.0,360.0,1.0,2,4.6913478822291435,7.824046010856292,1
12,LP001028,1,1,2,0,0,3073,8106.0,200.0,360.0,1.0,2,5.298317366548036,8.030409562130485,1
13,LP001029,1,0,0,0,0,1853,2840.0,114.0,360.0,1.0,0,4.736198448394496,7.52456122628536,0
14,LP001030,1,1,2,0,0,1299,1086.0,17.0,120.0,1.0,2,2.833213344056216,7.1693500166706,1
15,LP001032,1,0,0,0,0,4950,0.0,125.0,360.0,1.0,2,4.8283137373023015,8.507142855562735,1
16,LP001034,1,0,1,1,0,3596,0.0,100.0,240.0,1.0,2,4.605170185988092,8.18757739559151,1
17,LP001036,0,0,0,0,0,3510,0.0,76.0,360.0,0.0,2,4.330733340286331,8.163371316459912,0
18,LP001038,1,1,0,1,0,4887,0.0,133.0,360.0,1.0,0,4.890349128221754,8.494333897270154,0
19,LP001041,1,1,0,0,0,2600,3500.0,115.0,360.0,1.0,2,4.74493212836325,7.8632667240095735,1
20,LP001043,1,1,0,1,0,7660,0.0,104.0,360.0,0.0,2,4.6443908991413725,8.943767262734637,0
21,LP001046,1,1,1,0,0,5955,5625.0,315.0,360.0,1.0,2,5.752572638825633,8.691986481789401,1
22,LP001047,1,1,0,1,0,2600,1911.0,116.0,360.0,0.0,1,4.7535901911063645,7.8632667240095735,0
23,LP001050,1,1,2,1,0,3365,1917.0,112.0,360.0,0.0,0,4.718498871295094,8.121183242078828,0
24,LP001052,1,1,1,0,0,3717,2925.0,151.0,360.0,1.0,1,5.017279836814924,8.220672170297252,0
25,LP001066,1,1,0,0,1,9560,0.0,191.0,360.0,1.0,1,5.25227342804663,9.165343006045447,1
26,LP001068,1,1,0,0,0,2799,2253.0,122.0,360.0,1.0,1,4.804021044733257,7.937017489515454,1
27,LP001073,1,1,2,1,0,4226,1040.0,110.0,360.0,1.0,2,4.700480365792417,8.349011198176003,1
28,LP001086,1,0,0,1,0,1442,0.0,35.0,360.0,1.0,2,3.5553480614894135,7.273786317844895,0
29,LP001087,0,0,2,0,0,3750,2083.0,120.0,360.0,1.0,1,4.787491742782046,8.229511118964457,1
30,LP001091,1,1,1,0,0,4166,3369.0,201.0,360.0,1.0,2,5.303304908059076,8.334711621820917,0
31,LP001095,1,0,0,0,0,3167,0.0,74.0,360.0,1.0,2,4.30406509320417,8.06054004653864,0
32,LP001097,1,0,1,0,1,4692,0.0,106.0,360.0,1.0,0,4.663439094112067,8.453614209773367,0
33,LP001098,1,1,0,0,0,3500,1667.0,114.0,360.0,1.0,1,4.736198448394496,8.160518247477505,1
34,LP001100,1,0,3,0,0,12500,3000.0,320.0,360.0,1.0,0,5.768320995793772,9.433483923290392,0
35,LP001106,1,1,0,0,0,2275,2067.0,130.0,360.0,1.0,2,4.867534450455582,7.729735331385051,1
36,LP001109,1,1,0,0,0,1828,1330.0,100.0,360.0,0.0,2,4.605170185988092,7.510977752014095,0
37,LP001112,0,1,0,0,0,3667,1459.0,144.0,360.0,1.0,1,4.969813299576001,8.207129168071326,1
38,LP001114,1,0,0,0,0,4166,7210.0,184.0,360.0,1.0,2,5.214935757608986,8.334711621820917,1
39,LP001116,1,0,0,1,0,3748,1668.0,110.0,360.0,1.0,1,4.700480365792417,8.228977643358313,1
40,LP001119,1,0,0,0,0,3600,0.0,80.0,360.0,1.0,2,4.382026634673881,8.1886891244442,0
41,LP001120,1,0,0,0,0,1800,1213.0,47.0,360.0,1.0,2,3.8501476017100584,7.495541943884256,1
42,LP001123,1,1,0,0,0,2400,0.0,75.0,360.0,1.0,2,4.31748811353631,7.783224016336037,1
43,LP001131,1,1,0,0,0,3941,2336.0,134.0,360.0,1.0,1,4.897839799950911,8.279189777195004,1
44,LP001136,1,1,0,1,1,4695,0.0,96.0,360.0,1.0,2,4.564348191467836,8.454253391642363,1
45,LP001137,0,0,0,0,0,3410,0.0,88.0,360.0,1.0,2,4.477336814478207,8.134467570277563,1
46,LP001138,1,1,1,0,0,5649,0.0,44.0,360.0,1.0,2,3.784189633918261,8.639233817325263,1
47,LP001144,1,1,0,0,0,5821,0.0,144.0,360.0,1.0,2,4.969813299576001,8.669227347271736,1
48,LP001146,0,1,0,0,0,2645,3440.0,120.0,360.0,0.0,2,4.787491742782046,7.8804263442924,0
49,LP001151,0,0,0,0,0,4000,2275.0,144.0,360.0,1.0,1,4.969813299576001,8.294049640102028,1
50,LP001155,0,1,0,1,0,1928,1644.0,100.0,360.0,1.0,1,4.605170185988092,7.564238475170491,1
51,LP001157,0,0,0,0,0,3086,0.0,120.0,360.0,1.0,1,4.787491742782046,8.034631032923107,1
52,LP001164,0,0,0,0,0,4230,0.0,112.0,360.0,1.0,1,4.718498871295094,8.349957272040324,0
53,LP001179,1,1,2,0,0,4616,0.0,134.0,360.0,1.0,2,4.897839799950911,8.437283808187935,0
54,LP001186,0,1,1,0,1,11500,0.0,286.0,360.0,0.0,2,5.655991810819852,9.350102314351341,0
55,LP001194,1,1,2,0,0,2708,1167.0,97.0,360.0,1.0,1,4.574710978503383,7.903965634032166,1
56,LP001195,1,1,0,0,0,2132,1591.0,96.0,360.0,1.0,1,4.564348191467836,7.664815785285735,1
57,LP001197,1,1,0,0,0,3366,2200.0,135.0,360.0,1.0,0,4.90527477843843,8.121480374750751,0
58,LP001198,1,1,1,0,0,8080,2250.0,180.0,360.0,1.0,2,5.19295685089021,8.997147151515142,1
59,LP001199,1,1,2,1,0,3357,2859.0,144.0,360.0,1.0,2,4.969813299576001,8.118802996980035,1
60,LP001205,1,1,0,0,0,2500,3796.0,120.0,360.0,1.0,2,4.787491742782046,7.824046010856292,1
61,LP001206,1,1,3,0,0,3029,0.0,99.0,360.0,1.0,2,4.59511985013459,8.015987811027237,1
62,LP001207,1,1,0,1,1,2609,3449.0,165.0,180.0,0.0,0,5.10594547390058,7.866722285136729,0
63,LP001213,1,1,1,0,0,4945,0.0,130.0,360.0,0.0,0,4.867534450455582,8.506132244056813,0
64,LP001222,0,0,0,0,0,4166,0.0,116.0,360.0,0.0,1,4.7535901911063645,8.334711621820917,0
65,LP001225,1,1,0,0,0,5726,4595.0,258.0,360.0,1.0,1,5.552959584921617,8.65277248565806,0
66,LP001228,1,0,0,1,0,3200,2254.0,126.0,180.0,0.0,2,4.836281906951478,8.070906088787819,0
67,LP001233,1,1,1,0,0,10750,0.0,312.0,360.0,1.0,2,5.7430031878094825,9.28266103355581,1
68,LP001238,1,1,3,1,1,7100,0.0,125.0,60.0,1.0,2,4.8283137373023015,8.867850063029406,1
69,LP001241,0,0,0,0,0,4300,0.0,136.0,360.0,0.0,1,4.912654885736052,8.366370301681654,0
70,LP001243,1,1,0,0,0,3208,3066.0,172.0,360.0,1.0,2,5.147494476813453,8.073402968986406,1
71,LP001245,1,1,2,1,1,1875,1875.0,97.0,360.0,1.0,1,4.574710978503383,7.536363938404511,1
72,LP001248,1,0,0,0,0,3500,0.0,81.0,300.0,1.0,1,4.394449154672439,8.160518247477505,1
73,LP001250,1,1,3,1,0,4755,0.0,95.0,360.0,0.0,1,4.553876891600541,8.46695197497949,0
74,LP001253,1,1,3,0,1,5266,1774.0,187.0,360.0,1.0,1,5.231108616854587,8.569026340056254,1
75,LP001255,1,0,0,0,0,3750,0.0,113.0,480.0,1.0,2,4.727387818712341,8.229511118964457,0
76,LP001256,1,0,0,0,0,3750,4750.0,176.0,360.0,1.0,2,5.170483995038151,8.229511118964457,0
77,LP001259,1,1,1,0,1,1000,3022.0,110.0,360.0,1.0,2,4.700480365792417,6.907755278982137,0
78,LP001263,1,1,3,0,0,3167,4000.0,180.0,300.0,0.0,1,5.19295685089021,8.06054004653864,0
79,LP001264,1,1,3,1,1,3333,2166.0,130.0,360.0,1.0,1,4.867534450455582,8.11162807830774,1
80,LP001265,0,0,0,0,0,3846,0.0,111.0,360.0,1.0,1,4.709530201312334,8.254788926148725,1
81,LP001266,1,1,1,0,1,2395,0.0,157.5,360.0,1.0,1,5.059425458265688,7.781138509845015,1
82,LP001267,0,1,2,0,0,1378,1881.0,167.0,360.0,1.0,2,5.117993812416755,7.228388451573604,0
83,LP001273,1,1,0,0,0,6000,2250.0,265.0,360.0,1.0,1,5.579729825986222,8.699514748210191,0
84,LP001275,1,1,1,0,0,3988,0.0,50.0,240.0,1.0,2,3.912023005428146,8.291045131081729,1
85,LP001279,1,0,0,0,0,2366,2531.0,136.0,360.0,1.0,1,4.912654885736052,7.768956044538332,1
86,LP001280,1,1,2,1,0,3333,2000.0,99.0,360.0,1.0,1,4.59511985013459,8.11162807830774,1
87,LP001282,1,1,0,0,0,2500,2118.0,104.0,360.0,1.0,1,4.6443908991413725,7.824046010856292,1
88,LP001289,1,0,0,0,0,8566,0.0,210.0,360.0,1.0,2,5.3471075307174685,9.055556158175316,1
89,LP001310,1,1,0,0,0,5695,4167.0,175.0,360.0,1.0,1,5.1647859739235145,8.647343875881283,1
90,LP001316,1,1,0,0,0,2958,2900.0,131.0,360.0,1.0,1,4.875197323201151,7.992268643270745,1
91,LP001318,1,1,2,0,0,6250,5654.0,188.0,180.0,1.0,1,5.236441962829949,8.740336742730447,1
92,LP001319,1,1,2,1,0,3273,1820.0,81.0,360.0,1.0,2,4.394449154672439,8.09346227450118,1
93,LP001322,1,0,0,0,0,4133,0.0,122.0,360.0,1.0,1,4.804021044733257,8.326758814511733,1
94,LP001325,1,0,0,1,0,3620,0.0,25.0,120.0,1.0,1,3.2188758248682006,8.194229304819817,1
95,LP001326,1,0,0,0,0,6782,0.0,130.0,360.0,1.0,2,4.867534450455582,8.822027322685583,0
96,LP001327,0,1,0,0,0,2484,2302.0,137.0,360.0,1.0,1,4.919980925828125,7.81762544305337,1
97,LP001333,1,1,0,0,0,1977,997.0,50.0,360.0,1.0,1,3.912023005428146,7.589335823170617,1
98,LP001334,1,1,0,1,0,4188,0.0,115.0,180.0,1.0,1,4.74493212836325,8.339978571990427,1
99,LP001343,1,1,0,0,0,1759,3541.0,131.0,360.0,1.0,1,4.875197323201151,7.472500744737558,1
100,LP001345,1,1,2,1,0,4288,3263.0,133.0,180.0,1.0,2,4.890349128221754,8.363575702750637,1
101,LP001349,1,0,0,0,0,4843,3806.0,151.0,360.0,1.0,1,5.017279836814924,8.48528964240323,1
102,LP001350,1,1,0,0,0,13650,0.0,130.0,360.0,1.0,2,4.867534450455582,9.521494800613105,1
103,LP001356,1,1,0,0,0,4652,3583.0,130.0,360.0,1.0,1,4.867534450455582,8.445052513638554,1
104,LP001357,1,1,0,0,0,3816,754.0,160.0,360.0,1.0,2,5.075173815233827,8.246958032568177,1
105,LP001367,1,1,1,0,0,3052,1030.0,100.0,360.0,1.0,2,4.605170185988092,8.023552392404348,1
106,LP001369,1,1,2,0,0,11417,1126.0,225.0,360.0,1.0,2,5.41610040220442,9.342858751676328,1
107,LP001370,1,0,0,1,0,7333,0.0,120.0,360.0,1.0,0,4.787491742782046,8.9001399880938,0
108,LP001379,1,1,2,0,0,3800,3600.0,216.0,360.0,0.0,2,5.375278407684165,8.242756345714477,0
109,LP001384,1,1,3,1,0,2071,754.0,94.0,480.0,1.0,1,4.543294782270004,7.635786861395585,1
110,LP001385,1,0,0,0,0,5316,0.0,136.0,360.0,1.0,2,4.912654885736052,8.578476419833136,1
111,LP001387,0,1,0,0,0,2929,2333.0,139.0,360.0,1.0,1,4.9344739331306915,7.982416346827733,1
112,LP001391,1,1,0,1,0,3572,4114.0,152.0,360.0,0.0,0,5.0238805208462765,8.18088094199639,0
113,LP001392,0,0,1,0,1,7451,0.0,157.5,360.0,1.0,1,5.059425458265688,8.916103530553727,1
114,LP001398,1,0,0,0,0,5050,0.0,118.0,360.0,1.0,1,4.770684624465665,8.527143522269405,1
115,LP001401,1,1,1,0,0,14583,0.0,185.0,180.0,1.0,0,5.220355825078324,9.587611745713565,1
116,LP001404,0,1,0,0,0,3167,2283.0,154.0,360.0,1.0,1,5.0369526024136295,8.06054004653864,1
117,LP001405,1,1,1,0,0,2214,1398.0,85.0,360.0,1.0,2,4.442651256490317,7.7025561132685825,1
118,LP001421,1,1,0,0,0,5568,2142.0,175.0,360.0,1.0,0,5.1647859739235145,8.624791202014256,0
119,LP001422,0,0,0,0,0,10408,0.0,259.0,360.0,1.0,2,5.556828061699537,9.250330020192342,1
120,LP001426,1,1,0,0,0,5667,2667.0,180.0,360.0,1.0,0,5.19295685089021,8.64241515616962,1
121,LP001430,0,0,0,0,0,4166,0.0,44.0,360.0,1.0,1,3.784189633918261,8.334711621820917,1
122,LP001431,0,0,0,0,0,2137,8980.0,137.0,360.0,0.0,1,4.919980925828125,7.667158255319148,1
123,LP001432,1,1,2,0,0,2957,0.0,81.0,360.0,1.0,1,4.394449154672439,7.9919305198524775,1
124,LP001439,1,1,0,1,0,4300,2014.0,194.0,360.0,1.0,0,5.267858159063328,8.366370301681654,1
125,LP001443,0,0,0,0,0,3692,0.0,93.0,360.0,1.0,0,4.532599493153256,8.213923595622743,1
126,LP001448,1,1,3,0,0,23803,0.0,370.0,360.0,1.0,0,5.91350300563827,10.077566902136047,1
127,LP001449,1,0,0,0,0,3865,1640.0,130.0,360.0,1.0,0,4.867534450455582,8.259716961021523,1
128,LP001451,1,1,1,0,1,10513,3850.0,160.0,180.0,0.0,2,5.075173815233827,9.26036786557583,0
129,LP001465,1,1,0,0,0,6080,2569.0,182.0,360.0,1.0,0,5.204006687076795,8.712759974960212,0
130,LP001469,1,0,0,0,1,20166,0.0,650.0,480.0,1.0,2,6.476972362889683,9.91175329695316,1
131,LP001473,1,0,0,0,0,2014,1929.0,74.0,360.0,1.0,2,4.30406509320417,7.607878073278507,1
132,LP001478,1,0,0,0,0,2718,0.0,70.0,360.0,1.0,1,4.248495242049359,7.907651594711089,1
133,LP001482,1,1,0,0,1,3459,0.0,25.0,120.0,1.0,1,3.2188758248682006,8.148734808937169,1
134,LP001487,1,0,0,0,0,4895,0.0,102.0,360.0,1.0,1,4.624972813284271,8.49596955496461,1
135,LP001488,1,1,3,0,0,4000,7750.0,290.0,360.0,1.0,1,5.66988092298052,8.294049640102028,0
136,LP001489,0,1,0,0,0,4583,0.0,84.0,360.0,1.0,0,4.430816798843313,8.430109084509125,0
137,LP001491,1,1,2,0,1,3316,3500.0,88.0,360.0,1.0,2,4.477336814478207,8.106514516255185,1
138,LP001492,1,0,0,0,0,14999,0.0,242.0,360.0,0.0,1,5.488937726156687,9.61573881119536,0
139,LP001493,1,1,2,1,0,4200,1430.0,129.0,360.0,1.0,0,4.859812404361672,8.34283980427146,0
140,LP001497,1,1,2,0,0,5042,2083.0,185.0,360.0,1.0,0,5.220355825078324,8.525558107747866,0
141,LP001498,1,0,0,0,0,5417,0.0,168.0,360.0,1.0,2,5.123963979403259,8.597297435657898,1
142,LP001504,1,0,0,0,1,6950,0.0,175.0,180.0,1.0,1,5.1647859739235145,8.846496938558838,1
143,LP001507,1,1,0,0,0,2698,2034.0,122.0,360.0,1.0,1,4.804021044733257,7.900266036767701,1
144,LP001508,1,1,2,0,0,11757,0.0,187.0,180.0,1.0,2,5.231108616854587,9.372204086867741,1
145,LP001514,0,1,0,0,0,2330,4486.0,100.0,360.0,1.0,1,4.605170185988092,7.753623546559746,1
146,LP001516,0,1,2,0,0,14866,0.0,70.0,360.0,1.0,2,4.248495242049359,9.60683200528524,1
147,LP001518,1,1,1,0,0,1538,1425.0,30.0,360.0,1.0,2,3.4011973816621555,7.338238150065589,1
148,LP001519,0,0,0,0,0,10000,1666.0,225.0,360.0,1.0,0,5.41610040220442,9.210340371976184,0
149,LP001520,1,1,0,0,0,4860,830.0,125.0,360.0,1.0,1,4.8283137373023015,8.48879371689454,1
150,LP001528,1,0,0,0,0,6277,0.0,118.0,360.0,0.0,0,4.770684624465665,8.744647438317532,0
151,LP001529,1,1,0,0,1,2577,3750.0,152.0,360.0,1.0,0,5.0238805208462765,7.854381210652365,1
152,LP001531,1,0,0,0,0,9166,0.0,244.0,360.0,1.0,2,5.497168225293202,9.123256265069069,0
153,LP001532,1,1,2,1,0,2281,0.0,113.0,360.0,1.0,0,4.727387818712341,7.732369222284388,0
154,LP001535,1,0,0,0,0,3254,0.0,50.0,360.0,1.0,2,3.912023005428146,8.087640287778983,1
155,LP001536,1,1,3,0,0,39999,0.0,600.0,180.0,0.0,1,6.396929655216146,10.596609732783568,1
156,LP001541,1,1,1,0,0,6000,0.0,160.0,360.0,1.0,0,5.075173815233827,8.699514748210191,1
157,LP001543,1,1,1,0,0,9538,0.0,187.0,360.0,1.0,2,5.231108616854587,9.16303909885817,1
158,LP001546,1,0,0,0,0,2980,2083.0,120.0,360.0,1.0,0,4.787491742782046,7.9996785794994505,1
159,LP001552,1,1,0,0,0,4583,5625.0,255.0,360.0,1.0,1,5.541263545158426,8.430109084509125,1
160,LP001560,1,1,0,1,0,1863,1041.0,98.0,360.0,1.0,1,4.584967478670572,7.529943370601589,1
161,LP001562,1,1,0,0,0,7933,0.0,275.0,360.0,1.0,2,5.616771097666572,8.978786553302003,0
162,LP001565,1,1,1,0,0,3089,1280.0,121.0,360.0,0.0,1,4.795790545596741,8.035602692918582,0
163,LP001570,1,1,2,0,0,4167,1447.0,158.0,360.0,1.0,0,5.062595033026967,8.334951631422454,1
164,LP001572,1,1,0,0,0,9323,0.0,75.0,180.0,1.0,2,4.31748811353631,9.140239744296693,1
165,LP001574,1,1,0,0,0,3707,3166.0,182.0,360.0,1.0,0,5.204006687076795,8.217978203150732,1
166,LP001577,0,1,0,0,0,4583,0.0,112.0,360.0,1.0,0,4.718498871295094,8.430109084509125,0
167,LP001578,1,1,0,0,0,2439,3333.0,129.0,360.0,1.0,0,4.859812404361672,7.79934339821592,1
168,LP001579,1,0,0,0,0,2237,0.0,63.0,480.0,0.0,1,4.143134726391533,7.71289096149013,0
169,LP001580,1,1,2,0,0,8000,0.0,200.0,360.0,1.0,1,5.298317366548036,8.987196820661973,1
170,LP001581,1,1,0,1,0,1820,1769.0,95.0,360.0,1.0,0,4.553876891600541,7.506591780070841,1
171,LP001585,1,1,3,0,0,51763,0.0,700.0,300.0,1.0,2,6.551080335043404,10.854430887309706,1
172,LP001586,1,1,3,1,0,3522,0.0,81.0,180.0,1.0,0,4.394449154672439,8.166784289056151,0
173,LP001594,1,1,0,0,0,5708,5625.0,187.0,360.0,1.0,1,5.231108616854587,8.649623978596727,1
174,LP001603,1,1,0,1,1,4344,736.0,87.0,360.0,1.0,1,4.465908118654584,8.37655086161377,0
175,LP001606,1,1,0,0,0,3497,1964.0,116.0,360.0,1.0,0,4.7535901911063645,8.159660737063376,1
176,LP001608,1,1,2,0,0,2045,1619.0,101.0,360.0,1.0,0,4.61512051684126,7.623153068476902,1
177,LP001610,1,1,3,0,0,5516,11300.0,495.0,360.0,0.0,1,6.20455776256869,8.615408238913192,0
178,LP001616,1,1,1,0,0,3750,0.0,116.0,360.0,1.0,1,4.7535901911063645,8.229511118964457,1
179,LP001630,1,0,0,1,0,2333,1451.0,102.0,480.0,0.0,2,4.624972813284271,7.75491027202143,0
180,LP001633,1,1,1,0,0,6400,7250.0,180.0,360.0,0.0,2,5.19295685089021,8.764053269347762,0
181,LP001634,1,0,0,0,0,1916,5063.0,67.0,360.0,1.0,0,4.204692619390966,7.557994958530806,0
182,LP001636,1,1,0,0,0,4600,0.0,73.0,180.0,1.0,1,4.290459441148391,8.433811582477187,1
183,LP001637,1,1,1,0,0,33846,0.0,260.0,360.0,1.0,1,5.560681631015528,10.429576102968031,0
184,LP001639,0,1,0,0,0,3625,0.0,108.0,360.0,1.0,1,4.68213122712422,8.195609567288775,1
185,LP001640,1,1,0,0,1,39147,4750.0,120.0,360.0,1.0,1,4.787491742782046,10.575079070130357,1
186,LP001641,1,1,1,0,1,2178,0.0,66.0,300.0,0.0,0,4.189654742026425,7.686162303492906,0
187,LP001643,1,1,0,0,0,2383,2138.0,58.0,360.0,1.0,0,4.060443010546419,7.776115477098742,1
188,LP001644,1,1,0,0,1,674,5296.0,168.0,360.0,1.0,0,5.123963979403259,6.513230110912307,1
189,LP001647,1,1,0,0,0,9328,0.0,188.0,180.0,1.0,0,5.236441962829949,9.140775908590273,1
190,LP001653,1,0,0,1,0,4885,0.0,48.0,360.0,1.0,0,3.871201010907891,8.493924564476883,1
191,LP001656,1,0,0,0,0,12000,0.0,164.0,360.0,1.0,1,5.099866427824199,9.392661928770137,0
192,LP001657,1,1,0,1,0,6033,0.0,160.0,360.0,1.0,2,5.075173815233827,8.704999678440762,0
193,LP001658,1,0,0,0,0,3858,0.0,76.0,360.0,1.0,1,4.330733340286331,8.257904193465674,1
194,LP001664,1,0,0,0,0,4191,0.0,120.0,360.0,1.0,0,4.787491742782046,8.340694647925071,1
195,LP001665,1,1,1,0,0,3125,2583.0,170.0,360.0,1.0,1,5.135798437050262,8.047189562170502,0
196,LP001666,1,0,0,0,0,8333,3750.0,187.0,360.0,1.0,0,5.231108616854587,9.027978814382207,1
197,LP001669,0,0,0,1,0,1907,2365.0,120.0,360.0,1.0,2,4.787491742782046,7.553286605600419,1
198,LP001671,0,1,0,0,0,3416,2816.0,113.0,360.0,1.0,1,4.727387818712341,8.13622555490846,1
199,LP001673,1,0,0,0,1,11000,0.0,83.0,360.0,1.0,2,4.418840607796598,9.305650551780507,0
200,LP001674,1,1,1,1,0,2600,2500.0,90.0,360.0,1.0,1,4.499809670330265,7.8632667240095735,1
201,LP001677,1,0,2,0,0,4923,0.0,166.0,360.0,0.0,1,5.111987788356544,8.5016733797582,1
202,LP001682,1,1,3,1,0,3992,0.0,113.0,180.0,1.0,2,4.727387818712341,8.292047637431354,0
203,LP001688,1,1,1,1,0,3500,1083.0,135.0,360.0,1.0,2,4.90527477843843,8.160518247477505,1
204,LP001691,1,1,2,1,0,3917,0.0,124.0,360.0,1.0,1,4.820281565605037,8.27308133366583,1
205,LP001692,0,0,0,1,0,4408,0.0,120.0,360.0,1.0,1,4.787491742782046,8.391176350832751,1
206,LP001693,0,0,0,0,0,3244,0.0,80.0,360.0,1.0,2,4.382026634673881,8.084562415235304,1
207,LP001698,1,0,0,1,0,3975,2531.0,55.0,360.0,1.0,0,4.007333185232471,8.287780027088433,1
208,LP001699,1,0,0,0,0,2479,0.0,59.0,360.0,1.0,2,4.07753744390572,7.8156105320351905,1
209,LP001702,1,0,0,0,0,3418,0.0,127.0,360.0,1.0,1,4.844187086458591,8.136810863675537,0
210,LP001708,0,0,0,0,0,10000,0.0,214.0,360.0,1.0,1,5.365976015021851,9.210340371976184,0
211,LP001711,1,1,3,0,0,3430,1250.0,128.0,360.0,0.0,1,4.852030263919617,8.140315540159985,0
212,LP001713,1,1,1,0,1,7787,0.0,240.0,360.0,1.0,2,5.480638923341991,8.960210955576986,1
213,LP001715,1,1,3,1,1,5703,0.0,130.0,360.0,1.0,0,4.867534450455582,8.648747631156539,1
214,LP001716,1,1,0,0,0,3173,3021.0,137.0,360.0,1.0,2,4.919980925828125,8.062432791583195,1
215,LP001720,1,1,3,1,0,3850,983.0,100.0,360.0,1.0,1,4.605170185988092,8.25582842728183,1
216,LP001722,1,1,0,0,0,150,1800.0,135.0,360.0,1.0,0,4.90527477843843,5.0106352940962555,0
217,LP001726,1,1,0,0,0,3727,1775.0,131.0,360.0,1.0,1,4.875197323201151,8.223358899479258,1
218,LP001732,1,1,2,0,0,5000,0.0,72.0,360.0,0.0,1,4.276666119016055,8.517193191416238,0
219,LP001734,0,1,2,0,0,4283,2383.0,127.0,360.0,1.0,1,4.844187086458591,8.36240897761537,1
220,LP001736,1,1,0,0,0,2221,0.0,60.0,360.0,0.0,2,4.0943445622221,7.7057128238944275,0
221,LP001743,1,1,2,0,0,4009,1717.0,116.0,360.0,1.0,1,4.7535901911063645,8.296297112642508,1
222,LP001744,1,0,0,0,0,2971,2791.0,144.0,360.0,1.0,1,4.969813299576001,7.9966538754626075,1
223,LP001749,1,1,0,0,0,7578,1010.0,175.0,360.0,1.0,1,5.1647859739235145,8.933004591578547,1
224,LP001750,1,1,0,0,0,6250,0.0,128.0,360.0,1.0,1,4.852030263919617,8.740336742730447,1
225,LP001751,1,1,0,0,0,3250,0.0,170.0,360.0,1.0,0,5.135798437050262,8.086410275323782,0
226,LP001754,1,1,0,1,1,4735,0.0,138.0,360.0,1.0,2,4.927253685157205,8.462737005620179,0
227,LP001758,1,1,2,0,0,6250,1695.0,210.0,360.0,1.0,1,5.3471075307174685,8.740336742730447,1
228,LP001760,1,1,0,0,0,4758,0.0,158.0,480.0,1.0,1,5.062595033026967,8.467582690862903,1
229,LP001761,1,0,0,0,1,6400,0.0,200.0,360.0,1.0,0,5.298317366548036,8.764053269347762,1
230,LP001765,1,1,1,0,0,2491,2054.0,104.0,360.0,1.0,1,4.6443908991413725,7.820439515262181,1
231,LP001768,1,1,0,0,0,3716,0.0,42.0,180.0,1.0,0,3.7376696182833684,8.22040309993373,1
232,LP001770,1,0,0,1,0,3189,2598.0,120.0,360.0,1.0,0,4.787491742782046,8.067462667010057,1
233,LP001776,0,0,0,0,0,8333,0.0,280.0,360.0,1.0,1,5.634789603169249,9.027978814382207,1
234,LP001778,1,1,1,0,0,3155,1779.0,140.0,360.0,1.0,1,4.941642422609304,8.056743774975313,1
235,LP001784,1,1,1,0,0,5500,1260.0,170.0,360.0,1.0,0,5.135798437050262,8.612503371220562,1
236,LP001786,1,1,0,0,0,5746,0.0,255.0,360.0,1.0,2,5.541263545158426,8.656259239539235,0
237,LP001788,0,0,0,0,1,3463,0.0,122.0,360.0,1.0,2,4.804021044733257,8.149890544402423,1
238,LP001790,0,0,1,0,0,3812,0.0,112.0,360.0,1.0,0,4.718498871295094,8.245909264774093,1
239,LP001792,1,1,1,0,0,3315,0.0,96.0,360.0,1.0,1,4.564348191467836,8.106212902619962,1
240,LP001798,1,1,2,0,0,5819,5000.0,120.0,360.0,1.0,0,4.787491742782046,8.66888370465667,1
241,LP001800,1,1,1,1,0,2510,1983.0,140.0,180.0,1.0,2,4.941642422609304,7.828038032125829,0
242,LP001806,1,0,0,0,0,2965,5701.0,155.0,60.0,1.0,2,5.043425116919247,7.994632311431825,1
243,LP001807,1,1,2,0,1,6250,1300.0,108.0,360.0,1.0,0,4.68213122712422,8.740336742730447,1
244,LP001811,1,1,0,1,0,3406,4417.0,123.0,360.0,1.0,1,4.812184355372417,8.133293861222633,1
245,LP001813,1,0,0,0,1,6050,4333.0,120.0,180.0,1.0,2,4.787491742782046,8.707813551024888,0
246,LP001814,1,1,2,0,0,9703,0.0,112.0,360.0,1.0,2,4.718498871295094,9.1801903950253,1
247,LP001819,1,1,1,1,0,6608,0.0,137.0,180.0,1.0,2,4.919980925828125,8.796036315200814,1
248,LP001824,1,1,1,0,0,2882,1843.0,123.0,480.0,1.0,1,4.812184355372417,7.966239776559467,1
249,LP001825,1,1,0,0,0,1809,1868.0,90.0,360.0,1.0,2,4.499809670330265,7.500529485395295,1
250,LP001835,1,1,0,1,0,1668,3890.0,201.0,360.0,0.0,1,5.303304908059076,7.419380582918692,0
251,LP001836,0,0,2,0,0,3427,0.0,138.0,360.0,1.0,2,4.927253685157205,8.139440521874608,0
252,LP001841,1,0,0,1,1,2583,2167.0,104.0,360.0,1.0,0,4.6443908991413725,7.8567067930958405,1
253,LP001843,1,1,1,1,0,2661,7101.0,279.0,180.0,1.0,1,5.631211781821365,7.886457270977689,1
254,LP001844,1,0,0,0,1,16250,0.0,192.0,360.0,0.0,2,5.2574953720277815,9.695848187757884,0
255,LP001846,0,0,3,0,0,3083,0.0,255.0,360.0,1.0,0,5.541263545158426,8.03365842788615,1
256,LP001849,1,0,0,1,0,6045,0.0,115.0,360.0,0.0,0,4.74493212836325,8.706986763048892,0
257,LP001854,1,1,3,0,0,5250,0.0,94.0,360.0,1.0,2,4.543294782270004,8.565983355585669,0
258,LP001859,1,1,0,0,0,14683,2100.0,304.0,360.0,1.0,0,5.717027701406222,9.594445640962938,0
259,LP001864,1,1,3,1,0,4931,0.0,128.0,360.0,1.0,1,4.852030263919617,8.503297086224126,0
260,LP001865,1,1,1,0,0,6083,4250.0,330.0,360.0,1.0,2,5.799092654460526,8.713253274320705,1
261,LP001868,1,0,0,0,0,2060,2209.0,134.0,360.0,1.0,1,4.897839799950911,7.630461261783627,1
262,LP001870,0,0,1,0,0,3481,0.0,155.0,36.0,1.0,1,5.043425116919247,8.15507488781144,0
263,LP001871,0,0,0,0,0,7200,0.0,120.0,360.0,1.0,0,4.787491742782046,8.881836305004146,1
264,LP001872,1,0,0,0,1,5166,0.0,128.0,360.0,1.0,1,4.852030263919617,8.549853973655786,1
265,LP001875,1,0,0,0,0,4095,3447.0,151.0,360.0,1.0,0,5.017279836814924,8.31752199628717,1
266,LP001877,1,1,2,0,0,4708,1387.0,150.0,360.0,1.0,1,5.0106352940962555,8.457018468380168,1
267,LP001882,1,1,3,0,0,4333,1811.0,160.0,360.0,0.0,2,5.075173815233827,8.374015421739909,1
268,LP001883,0,0,0,0,0,3418,0.0,135.0,360.0,1.0,0,4.90527477843843,8.136810863675537,0
269,LP001884,0,0,1,0,0,2876,1560.0,90.0,360.0,1.0,2,4.499809670330265,7.964155718840937,1
270,LP001888,0,0,0,0,0,3237,0.0,30.0,360.0,1.0,2,3.4011973816621555,8.082402253926244,1
271,LP001891,1,1,0,0,0,11146,0.0,136.0,360.0,1.0,2,4.912654885736052,9.318835968129482,1
272,LP001892,1,0,0,0,0,2833,1857.0,126.0,360.0,1.0,0,4.836281906951478,7.949091499830517,1
273,LP001894,1,1,0,0,0,2620,2223.0,150.0,360.0,1.0,1,5.0106352940962555,7.8709295967551425,1
274,LP001896,1,1,2,0,0,3900,0.0,90.0,360.0,1.0,1,4.499809670330265,8.268731832117737,1
275,LP001900,1,1,1,0,0,2750,1842.0,115.0,360.0,1.0,1,4.74493212836325,7.919356190660617,1
276,LP001903,1,1,0,0,0,3993,3274.0,207.0,360.0,1.0,1,5.332718793265369,8.292298107063221,1
277,LP001904,1,1,0,0,0,3103,1300.0,80.0,360.0,1.0,2,4.382026634673881,8.04012466444838,1
278,LP001907,1,1,0,0,0,14583,0.0,436.0,360.0,1.0,1,6.077642243349034,9.587611745713565,1
279,LP001908,0,1,0,1,0,4100,0.0,124.0,360.0,1.0,0,4.820281565605037,8.318742252692399,1
280,LP001910,1,0,1,1,1,4053,2426.0,158.0,360.0,0.0,2,5.062595033026967,8.307212626628308,0
281,LP001914,1,1,0,0,0,3927,800.0,112.0,360.0,1.0,1,4.718498871295094,8.27563105457801,1
282,LP001915,1,1,2,0,0,2301,985.7999877999998,78.0,180.0,1.0,2,4.356708826689592,7.741099090035366,1
283,LP001917,0,0,0,0,0,1811,1666.0,54.0,360.0,1.0,2,3.9889840465642745,7.501634457883413,1
284,LP001922,1,1,0,0,0,20667,0.0,130.0,360.0,1.0,0,4.867534450455582,9.936293504261306,0
285,LP001924,1,0,0,0,0,3158,3053.0,89.0,360.0,1.0,0,4.48863636973214,8.057694194815587,1
286,LP001925,0,0,0,0,1,2600,1717.0,99.0,300.0,1.0,1,4.59511985013459,7.8632667240095735,0
287,LP001926,1,1,0,0,0,3704,2000.0,120.0,360.0,1.0,0,4.787491742782046,8.21716859576607,1
288,LP001931,0,0,0,0,0,4124,0.0,115.0,360.0,1.0,1,4.74493212836325,8.32457884513685,1
289,LP001935,1,0,0,0,0,9508,0.0,187.0,360.0,1.0,0,5.231108616854587,9.159888828480085,1
290,LP001936,1,1,0,0,0,3075,2416.0,139.0,360.0,1.0,0,4.9344739331306915,8.031060180240619,1
291,LP001938,1,1,2,0,0,4400,0.0,127.0,360.0,0.0,1,4.844187086458591,8.389359819906353,0
292,LP001940,1,1,2,0,0,3153,1560.0,134.0,360.0,1.0,2,4.897839799950911,8.056109659545061,1
293,LP001945,0,0,0,0,0,5417,0.0,143.0,480.0,0.0,2,4.962844630259907,8.597297435657898,0
294,LP001947,1,1,0,0,0,2383,3334.0,172.0,360.0,1.0,1,5.147494476813453,7.776115477098742,1
295,LP001949,1,1,3,0,0,4416,1250.0,110.0,360.0,1.0,2,4.700480365792417,8.392989587956931,1
296,LP001953,1,1,1,0,0,6875,0.0,200.0,360.0,1.0,1,5.298317366548036,8.835646922534773,1
297,LP001954,0,1,1,0,0,4666,0.0,135.0,360.0,1.0,2,4.90527477843843,8.448057452581375,1
298,LP001955,0,0,0,0,0,5000,2541.0,151.0,480.0,1.0,0,5.017279836814924,8.517193191416238,0
299,LP001963,1,1,1,0,0,2014,2925.0,113.0,360.0,1.0,2,4.727387818712341,7.607878073278507,0
300,LP001964,1,1,0,1,0,1800,2934.0,93.0,360.0,0.0,2,4.532599493153256,7.495541943884256,0
301,LP001972,1,1,0,1,0,2875,1750.0,105.0,360.0,1.0,1,4.653960350157523,7.963807953231451,1
302,LP001974,0,0,0,0,0,5000,0.0,132.0,360.0,1.0,0,4.882801922586371,8.517193191416238,1
303,LP001977,1,1,1,0,0,1625,1803.0,96.0,360.0,1.0,2,4.564348191467836,7.393263094763838,1
304,LP001978,1,0,0,0,0,4000,2500.0,140.0,360.0,1.0,0,4.941642422609304,8.294049640102028,1
305,LP001990,1,0,0,1,0,2000,0.0,113.0,360.0,1.0,2,4.727387818712341,7.600902459542082,0
306,LP001993,0,0,0,0,0,3762,1666.0,135.0,360.0,1.0,0,4.90527477843843,8.232706009860976,1
307,LP001994,0,0,0,0,0,2400,1863.0,104.0,360.0,0.0,2,4.6443908991413725,7.783224016336037,0
308,LP001996,1,0,0,0,0,20233,0.0,480.0,360.0,1.0,0,6.173786103901937,9.915070213779195,0
309,LP001998,1,1,2,1,0,7667,0.0,185.0,360.0,1.0,0,5.220355825078324,8.944680683558895,1
310,LP002002,0,0,0,0,0,2917,0.0,84.0,360.0,1.0,1,4.430816798843313,7.978310969867722,1
311,LP002004,1,0,0,1,0,2927,2405.0,111.0,360.0,1.0,1,4.709530201312334,7.9817332866918855,1
312,LP002006,0,0,0,0,0,2507,0.0,56.0,360.0,1.0,0,4.02535169073515,7.826842098158293,1
313,LP002008,1,1,2,0,1,5746,0.0,144.0,84.0,1.0,0,4.969813299576001,8.656259239539235,1
314,LP002024,1,1,0,0,0,2473,1843.0,159.0,360.0,1.0,0,5.0689042022202315,7.813187267521416,0
315,LP002031,1,1,1,1,0,3399,1640.0,111.0,180.0,1.0,2,4.709530201312334,8.131236549696116,1
316,LP002035,1,1,2,0,0,3717,0.0,120.0,360.0,1.0,1,4.787491742782046,8.220672170297252,1
317,LP002036,1,1,0,0,0,2058,2134.0,88.0,360.0,1.0,2,4.477336814478207,7.629489916393995,1
318,LP002043,0,0,1,0,0,3541,0.0,112.0,360.0,1.0,1,4.718498871295094,8.172164452111904,1
319,LP002050,1,1,1,0,1,10000,0.0,155.0,360.0,1.0,0,5.043425116919247,9.210340371976184,0
320,LP002051,1,1,0,0,0,2400,2167.0,115.0,360.0,1.0,1,4.74493212836325,7.783224016336037,1
321,LP002053,1,1,3,0,0,4342,189.0,124.0,360.0,1.0,1,4.820281565605037,8.376090350438238,1
322,LP002054,1,1,2,1,0,3601,1590.0,113.0,360.0,1.0,0,4.727387818712341,8.188966863648876,1
323,LP002055,0,0,0,0,0,3166,2985.0,132.0,360.0,1.0,0,4.882801922586371,8.060224240440958,1
324,LP002065,1,1,3,0,0,15000,0.0,300.0,360.0,1.0,0,5.703782474656201,9.615805480084347,1
325,LP002067,1,1,1,0,1,8666,4983.0,376.0,360.0,0.0,0,5.929589143389895,9.067162602299854,0
326,LP002068,1,0,0,0,0,4917,0.0,130.0,360.0,0.0,0,4.867534450455582,8.50045386741194,1
327,LP002082,1,1,0,0,1,5818,2160.0,184.0,360.0,1.0,1,5.214935757608986,8.668711839055147,1
328,LP002086,0,1,0,0,0,4333,2451.0,110.0,360.0,1.0,2,4.700480365792417,8.374015421739909,0
329,LP002087,0,0,0,0,0,2500,0.0,67.0,360.0,1.0,2,4.204692619390966,7.824046010856292,1
330,LP002097,1,0,1,0,0,4384,1793.0,117.0,360.0,1.0,2,4.762173934797756,8.385716828627851,1
331,LP002098,1,0,0,0,0,2935,0.0,98.0,360.0,1.0,1,4.584967478670572,7.984462732262196,1
332,LP002100,1,0,0,0,0,2833,0.0,71.0,360.0,1.0,2,4.2626798770413155,7.949091499830517,1
333,LP002101,1,1,0,0,0,63337,0.0,490.0,180.0,1.0,2,6.194405391104672,11.05622495553552,1
334,LP002103,1,1,1,0,1,9833,1833.0,182.0,180.0,1.0,2,5.204006687076795,9.193499354780156,1
335,LP002106,1,1,0,0,1,5503,4490.0,70.0,360.0,1.0,1,4.248495242049359,8.613048677059759,1
336,LP002110,1,1,1,0,0,5250,688.0,160.0,360.0,1.0,0,5.075173815233827,8.565983355585669,1
337,LP002112,1,1,2,0,1,2500,4600.0,176.0,360.0,1.0,0,5.170483995038151,7.824046010856292,1
338,LP002113,0,0,3,1,0,1830,0.0,113.0,360.0,0.0,2,4.727387818712341,7.512071245835466,0
339,LP002114,0,0,0,0,0,4160,0.0,71.0,360.0,1.0,1,4.2626798770413155,8.333270353255308,1
340,LP002115,1,1,3,1,0,2647,1587.0,173.0,360.0,1.0,0,5.153291594497779,7.881182202227102,0
341,LP002116,0,0,0,0,0,2378,0.0,46.0,360.0,1.0,0,3.828641396489095,7.774015077250727,0
342,LP002119,1,1,1,1,0,4554,1229.0,158.0,360.0,1.0,2,5.062595033026967,8.423761246623686,1
343,LP002126,1,1,3,1,0,3173,0.0,74.0,360.0,1.0,1,4.30406509320417,8.062432791583195,1
344,LP002128,1,1,2,0,0,2583,2330.0,125.0,360.0,1.0,0,4.8283137373023015,7.8567067930958405,1
345,LP002129,1,1,0,0,0,2499,2458.0,160.0,360.0,1.0,1,5.075173815233827,7.823645930834952,1
346,LP002130,1,1,0,1,0,3523,3230.0,152.0,360.0,0.0,0,5.0238805208462765,8.167068178341237,0
347,LP002131,1,1,2,1,0,3083,2168.0,126.0,360.0,1.0,2,4.836281906951478,8.03365842788615,1
348,LP002137,1,1,0,0,0,6333,4583.0,259.0,360.0,1.0,1,5.556828061699537,8.753529336516431,1
349,LP002138,1,1,0,0,0,2625,6250.0,187.0,360.0,1.0,0,5.231108616854587,7.872836175025724,1
350,LP002139,1,1,0,0,0,9083,0.0,228.0,360.0,1.0,1,5.429345628954441,9.114159813502214,1
351,LP002140,1,0,0,0,0,8750,4167.0,308.0,360.0,1.0,0,5.730099782973574,9.07680897935166,0
352,LP002141,1,1,3,0,0,2666,2083.0,95.0,360.0,1.0,0,4.553876891600541,7.888334500738654,1
353,LP002142,0,1,0,0,1,5500,0.0,105.0,360.0,0.0,0,4.653960350157523,8.612503371220562,0
354,LP002143,0,1,0,0,0,2423,505.0,130.0,360.0,1.0,1,4.867534450455582,7.792761720816526,1
355,LP002144,0,0,0,0,0,3813,0.0,116.0,180.0,1.0,2,4.7535901911063645,8.246171559857563,1
356,LP002149,1,1,2,0,0,8333,3167.0,165.0,360.0,1.0,0,5.10594547390058,9.027978814382207,1
357,LP002151,1,1,1,0,0,3875,0.0,67.0,360.0,1.0,2,4.204692619390966,8.262300941787448,0
358,LP002158,1,1,0,1,0,3000,1666.0,100.0,480.0,0.0,2,4.605170185988092,8.006367567650246,0
359,LP002160,1,1,3,0,0,5167,3167.0,200.0,360.0,1.0,1,5.298317366548036,8.550047528287184,1
360,LP002161,0,0,1,0,0,4723,0.0,81.0,360.0,1.0,1,4.394449154672439,8.460199469896118,0
361,LP002170,1,1,2,0,0,5000,3667.0,236.0,360.0,1.0,1,5.4638318050256105,8.517193191416238,1
362,LP002175,1,1,0,0,0,4750,2333.0,130.0,360.0,1.0,2,4.867534450455582,8.465899897028686,1
363,LP002178,1,1,0,0,0,3013,3033.0,95.0,300.0,1.0,2,4.553876891600541,8.0106915391303,1
364,LP002180,1,0,0,0,1,6822,0.0,141.0,360.0,1.0,0,4.948759890378168,8.82790796297859,1
365,LP002181,1,0,0,1,0,6216,0.0,133.0,360.0,1.0,0,4.890349128221754,8.734881892047483,0
366,LP002187,1,0,0,0,0,2500,0.0,96.0,480.0,1.0,1,4.564348191467836,7.824046010856292,0
367,LP002188,1,0,0,0,0,5124,0.0,124.0,360.0,0.0,0,4.820281565605037,8.541690663016626,0
368,LP002190,1,1,1,0,0,6325,0.0,175.0,360.0,1.0,1,5.1647859739235145,8.752265313595721,1
369,LP002191,1,1,0,0,0,19730,5266.0,570.0,360.0,1.0,0,6.345636360828596,9.889895599016661,0
370,LP002194,0,0,0,0,1,15759,0.0,55.0,360.0,1.0,1,4.007333185232471,9.665166909622071,1
371,LP002197,1,1,2,0,0,5185,0.0,155.0,360.0,1.0,1,5.043425116919247,8.553525120663627,1
372,LP002201,1,1,2,0,1,9323,7873.0,380.0,300.0,1.0,0,5.940171252720432,9.140239744296693,1
373,LP002205,1,0,1,0,0,3062,1987.0,111.0,180.0,0.0,2,4.709530201312334,8.026823576217629,0
374,LP002209,0,0,0,0,0,2764,1459.0,110.0,360.0,1.0,2,4.700480365792417,7.92443418488756,1
375,LP002211,1,1,0,0,0,4817,923.0,120.0,180.0,1.0,2,4.787491742782046,8.479906606630221,1
376,LP002219,1,1,3,0,0,8750,4996.0,130.0,360.0,1.0,0,4.867534450455582,9.07680897935166,1
377,LP002223,1,1,0,0,0,4310,0.0,130.0,360.0,1.0,1,4.867534450455582,8.368693183097793,1
378,LP002224,1,0,0,0,0,3069,0.0,71.0,480.0,1.0,2,4.2626798770413155,8.029107054619736,0
379,LP002225,1,1,2,0,0,5391,0.0,130.0,360.0,1.0,2,4.867534450455582,8.592486175451668,1
380,LP002226,1,1,0,0,0,3333,2500.0,128.0,360.0,1.0,1,4.852030263919617,8.11162807830774,1
381,LP002229,1,0,0,0,0,5941,4232.0,296.0,360.0,1.0,1,5.69035945432406,8.689632748355741,1
382,LP002231,0,0,0,0,0,6000,0.0,156.0,360.0,1.0,2,5.049856007249537,8.699514748210191,1
383,LP002234,1,0,0,0,1,7167,0.0,128.0,360.0,1.0,2,4.852030263919617,8.877242435993919,1
384,LP002236,1,1,2,0,0,4566,0.0,100.0,360.0,1.0,2,4.605170185988092,8.42639282708974,0
385,LP002237,1,0,1,0,0,3667,0.0,113.0,180.0,1.0,2,4.727387818712341,8.207129168071326,1
386,LP002239,1,0,0,1,0,2346,1600.0,132.0,360.0,1.0,1,4.882801922586371,7.76046702921342,1
387,LP002243,1,1,0,1,0,3010,3136.0,113.0,360.0,0.0,2,4.727387818712341,8.009695357742922,0
388,LP002244,1,1,0,0,0,2333,2417.0,136.0,360.0,1.0,2,4.912654885736052,7.75491027202143,1
389,LP002250,1,1,0,0,0,5488,0.0,125.0,360.0,1.0,0,4.8283137373023015,8.610319169405722,1
390,LP002255,1,0,3,0,0,9167,0.0,185.0,360.0,1.0,0,5.220355825078324,9.123365357961776,1
391,LP002262,1,1,3,0,0,9504,0.0,275.0,360.0,1.0,0,5.616771097666572,9.159468041602427,1
392,LP002263,1,1,0,0,0,2583,2115.0,120.0,360.0,1.0,2,4.787491742782046,7.8567067930958405,1
393,LP002265,1,1,2,1,0,1993,1625.0,113.0,180.0,1.0,1,4.727387818712341,7.597396320212795,1
394,LP002266,1,1,2,0,0,3100,1400.0,113.0,360.0,1.0,2,4.727387818712341,8.039157390473237,1
395,LP002272,1,1,2,0,0,3276,484.0,135.0,360.0,1.0,1,4.90527477843843,8.09437844497296,1
396,LP002277,0,0,0,0,0,3180,0.0,71.0,360.0,0.0,2,4.2626798770413155,8.064636475774222,0
397,LP002281,1,1,0,0,0,3033,1459.0,95.0,360.0,1.0,2,4.553876891600541,8.017307507688582,1
398,LP002284,1,0,0,1,0,3902,1666.0,109.0,360.0,1.0,0,4.6913478822291435,8.269244521183056,1
399,LP002287,0,0,0,0,0,1500,1800.0,103.0,360.0,0.0,1,4.634728988229636,7.313220387090301,0
400,LP002288,1,1,2,1,0,2889,0.0,45.0,180.0,0.0,2,3.8066624897703196,7.968665700466235,0
401,LP002296,1,0,0,1,0,2755,0.0,65.0,300.0,1.0,0,4.174387269895637,7.9211727215870145,0
402,LP002297,1,0,0,0,0,2500,20000.0,103.0,360.0,1.0,1,4.634728988229636,7.824046010856292,1
403,LP002300,0,0,0,1,0,1963,0.0,53.0,360.0,1.0,1,3.970291913552122,7.5822291942764615,1
404,LP002301,0,0,0,0,1,7441,0.0,194.0,360.0,1.0,0,5.267858159063328,8.914760527397261,0
405,LP002305,0,0,0,0,0,4547,0.0,115.0,360.0,1.0,1,4.74493212836325,8.42222295382501,1
406,LP002308,1,1,0,1,0,2167,2400.0,115.0,360.0,1.0,2,4.74493212836325,7.681099001536359,1
407,LP002314,0,0,0,1,0,2213,0.0,66.0,360.0,1.0,0,4.189654742026425,7.70210434005105,1
408,LP002315,1,1,1,0,0,8300,0.0,152.0,300.0,0.0,1,5.0238805208462765,9.02401079378469,0
409,LP002317,1,1,3,0,0,81000,0.0,360.0,360.0,0.0,0,5.886104031450156,11.302204433654575,0
410,LP002318,0,0,1,1,1,3867,0.0,62.0,360.0,1.0,1,4.127134385045092,8.260234291607297,0
411,LP002319,1,1,0,0,0,6256,0.0,160.0,360.0,1.0,2,5.075173815233827,8.741296282225147,1
412,LP002328,1,1,0,1,0,6096,0.0,218.0,360.0,0.0,0,5.384495062789089,8.715388097366482,0
413,LP002332,1,1,0,1,0,2253,2033.0,110.0,360.0,1.0,0,4.700480365792417,7.720017940432244,1
414,LP002335,0,1,0,1,0,2149,3237.0,178.0,360.0,0.0,1,5.181783550292085,7.67275789664251,0
415,LP002337,0,0,0,0,0,2995,0.0,60.0,360.0,1.0,2,4.0943445622221,8.00469951054955,1
416,LP002341,0,0,1,0,0,2600,0.0,160.0,360.0,1.0,2,5.075173815233827,7.8632667240095735,0
417,LP002342,1,1,2,0,1,1600,20000.0,239.0,360.0,1.0,2,5.476463551931511,7.3777589082278725,0
418,LP002345,1,1,0,0,0,1025,2773.0,112.0,360.0,1.0,0,4.718498871295094,6.932447891572509,1
419,LP002347,1,1,0,0,0,3246,1417.0,138.0,360.0,1.0,1,4.927253685157205,8.085178748074537,1
420,LP002348,1,1,0,0,0,5829,0.0,138.0,360.0,1.0,0,4.927253685157205,8.67060073804555,1
421,LP002357,0,0,0,1,0,2720,0.0,80.0,360.0,0.0,2,4.382026634673881,7.908387159290043,0
422,LP002361,1,1,0,0,0,1820,1719.0,100.0,360.0,1.0,2,4.605170185988092,7.506591780070841,1
423,LP002362,1,1,1,0,0,7250,1667.0,110.0,360.0,0.0,2,4.700480365792417,8.88875674784872,0
424,LP002364,1,1,0,0,0,14880,0.0,96.0,360.0,1.0,1,4.564348191467836,9.607773308387083,1
425,LP002366,1,1,0,0,0,2666,4300.0,121.0,360.0,1.0,0,4.795790545596741,7.888334500738654,1
426,LP002367,0,0,1,1,0,4606,0.0,81.0,360.0,1.0,0,4.394449154672439,8.43511508038063,0
427,LP002368,1,1,2,0,0,5935,0.0,133.0,360.0,1.0,1,4.890349128221754,8.688622307043769,1
428,LP002369,1,1,0,0,0,2920,16.12000084,87.0,360.0,1.0,0,4.465908118654584,7.979338895262328,1
429,LP002370,1,0,0,1,0,2717,0.0,60.0,180.0,1.0,2,4.0943445622221,7.907283609426348,1
430,LP002377,0,0,1,0,1,8624,0.0,150.0,360.0,1.0,1,5.0106352940962555,9.06230429314878,1
431,LP002379,1,0,0,0,0,6500,0.0,105.0,360.0,0.0,0,4.653960350157523,8.779557455883728,0
432,LP002386,1,0,0,0,0,12876,0.0,405.0,360.0,1.0,1,6.003887067106539,9.463120392418698,1
433,LP002387,1,1,0,0,0,2425,2340.0,143.0,360.0,1.0,1,4.962844630259907,7.793586803371584,1
434,LP002390,1,0,0,0,0,3750,0.0,100.0,360.0,1.0,2,4.605170185988092,8.229511118964457,1
435,LP002393,0,1,0,0,0,10047,0.0,130.0,240.0,1.0,1,4.867534450455582,9.215029361462314,1
436,LP002398,1,0,0,0,0,1926,1851.0,50.0,360.0,1.0,1,3.912023005428146,7.563200592358071,1
437,LP002401,1,1,0,0,0,2213,1125.0,130.0,360.0,1.0,2,4.867534450455582,7.70210434005105,1
438,LP002403,1,0,0,0,1,10416,0.0,187.0,360.0,0.0,2,5.231108616854587,9.251098364448351,0
439,LP002407,0,1,0,1,1,7142,0.0,138.0,360.0,1.0,0,4.927253685157205,8.873748128154395,1
440,LP002408,1,0,0,0,0,3660,5064.0,187.0,360.0,1.0,1,5.231108616854587,8.205218426395412,1
441,LP002409,1,1,0,0,0,7901,1833.0,180.0,360.0,1.0,0,5.19295685089021,8.974744612722734,1
442,LP002418,1,0,3,1,0,4707,1993.0,148.0,360.0,1.0,1,4.997212273764115,8.456806041401142,1
443,LP002422,1,0,1,0,0,37719,0.0,152.0,360.0,1.0,1,5.0238805208462765,10.537919225261291,1
444,LP002424,1,1,0,0,0,7333,8333.0,175.0,300.0,1.0,0,5.1647859739235145,8.9001399880938,1
445,LP002429,1,1,1,0,1,3466,1210.0,130.0,360.0,1.0,0,4.867534450455582,8.150756470275551,1
446,LP002434,1,1,2,1,0,4652,0.0,110.0,360.0,1.0,0,4.700480365792417,8.445052513638554,1
447,LP002435,1,1,0,0,0,3539,1376.0,55.0,360.0,1.0,0,4.007333185232471,8.171599480345463,0
448,LP002443,1,1,2,0,0,3340,1710.0,150.0,360.0,0.0,0,5.0106352940962555,8.113726085970747,0
449,LP002444,1,0,1,1,1,2769,1542.0,190.0,360.0,1.0,1,5.247024072160486,7.926241523170962,0
450,LP002446,1,1,2,1,0,2309,1255.0,125.0,360.0,0.0,0,4.8283137373023015,7.744569809354496,0
451,LP002447,1,1,2,1,0,1958,1456.0,60.0,300.0,1.0,2,4.0943445622221,7.579678823090456,1
452,LP002448,1,1,0,0,0,3948,1733.0,149.0,360.0,0.0,0,5.003946305945459,8.280964400553373,0
453,LP002449,1,1,0,0,0,2483,2466.0,90.0,180.0,0.0,0,4.499809670330265,7.817222785508166,1
454,LP002453,1,0,0,0,1,7085,0.0,84.0,360.0,1.0,1,4.430816798843313,8.865735152124781,1
455,LP002455,1,1,2,0,0,3859,0.0,96.0,360.0,1.0,1,4.564348191467836,8.258163361537619,1
456,LP002459,1,1,0,0,0,4301,0.0,118.0,360.0,1.0,2,4.770684624465665,8.366602832783736,1
457,LP002467,1,1,0,0,0,3708,2569.0,173.0,360.0,1.0,2,5.153291594497779,8.218247926685745,0
458,LP002472,1,0,2,0,0,4354,0.0,136.0,360.0,1.0,0,4.912654885736052,8.378850241794492,1
459,LP002473,1,1,0,0,0,8334,0.0,160.0,360.0,1.0,1,5.075173815233827,9.0280988119824,0
460,LP002478,1,1,0,0,1,2083,4083.0,160.0,360.0,1.0,1,5.075173815233827,7.641564441260972,1
461,LP002484,1,1,3,0,0,7740,0.0,128.0,180.0,1.0,2,4.852030263919617,8.954156966583772,1
462,LP002487,1,1,0,0,0,3015,2188.0,153.0,360.0,1.0,0,5.030437921392435,8.011355109161286,1
463,LP002489,0,0,1,1,0,5191,0.0,132.0,360.0,1.0,1,4.882801922586371,8.55468163582723,1
464,LP002493,1,0,0,0,0,4166,0.0,98.0,360.0,0.0,1,4.584967478670572,8.334711621820917,0
465,LP002494,1,0,0,0,0,6000,0.0,140.0,360.0,1.0,0,4.941642422609304,8.699514748210191,1
466,LP002500,1,1,3,1,0,2947,1664.0,70.0,180.0,0.0,2,4.248495242049359,7.988542982737695,0
467,LP002501,1,1,0,0,0,16692,0.0,110.0,360.0,1.0,1,4.700480365792417,9.722684841711443,1
468,LP002502,0,1,2,1,0,210,2917.0,98.0,360.0,1.0,1,4.584967478670572,5.3471075307174685,1
469,LP002505,1,1,0,0,0,4333,2451.0,110.0,360.0,1.0,2,4.700480365792417,8.374015421739909,0
470,LP002515,1,1,1,0,1,3450,2079.0,162.0,360.0,1.0,1,5.087596335232384,8.146129510025405,1
471,LP002517,1,1,1,1,0,2653,1500.0,113.0,180.0,0.0,0,4.727387818712341,7.88344635413774,0
472,LP002519,1,1,3,0,0,4691,0.0,100.0,360.0,1.0,1,4.605170185988092,8.453401058328458,1
473,LP002522,0,0,0,0,1,2500,0.0,93.0,360.0,1.0,2,4.532599493153256,7.824046010856292,1
474,LP002524,1,0,2,0,0,5532,4648.0,162.0,360.0,1.0,0,5.087596335232384,8.61830469278465,1
475,LP002527,1,1,2,0,1,16525,1014.0,150.0,360.0,1.0,0,5.0106352940962555,9.712629664719888,1
476,LP002529,1,1,2,0,0,6700,1750.0,230.0,300.0,1.0,1,5.438079308923196,8.809862805379057,1
477,LP002530,1,1,2,0,0,2873,1872.0,132.0,360.0,0.0,1,4.882801922586371,7.96311205897929,0
478,LP002531,1,1,1,0,1,16667,2250.0,86.0,360.0,1.0,1,4.454347296253507,9.721185995542177,1
479,LP002533,1,1,2,0,0,2947,1603.0,130.0,360.0,1.0,2,4.867534450455582,7.988542982737695,0
480,LP002534,0,0,0,1,0,4350,0.0,154.0,360.0,1.0,0,5.0369526024136295,8.37793112408273,1
481,LP002536,1,1,3,1,0,3095,0.0,113.0,360.0,1.0,0,4.727387818712341,8.037543185118697,1
482,LP002537,1,1,0,0,0,2083,3150.0,128.0,360.0,1.0,1,4.852030263919617,7.641564441260972,1
483,LP002541,1,1,0,0,0,10833,0.0,234.0,360.0,1.0,1,5.455321115357702,9.290352309945568,1
484,LP002543,1,1,2,0,0,8333,0.0,246.0,360.0,1.0,1,5.5053315359323625,9.027978814382207,1
485,LP002544,1,1,1,1,0,1958,2436.0,131.0,360.0,1.0,0,4.875197323201151,7.579678823090456,1
486,LP002545,1,0,2,0,0,3547,0.0,80.0,360.0,0.0,0,4.382026634673881,8.173857454773621,0
487,LP002547,1,1,1,0,0,18333,0.0,500.0,360.0,1.0,2,6.214608098422191,9.816457993563025,0
488,LP002555,1,1,2,0,1,4583,2083.0,160.0,360.0,1.0,1,5.075173815233827,8.430109084509125,1
489,LP002556,1,0,0,0,0,2435,0.0,75.0,360.0,1.0,2,4.31748811353631,7.79770203551669,0
490,LP002560,1,0,0,1,0,2699,2785.0,96.0,360.0,1.0,1,4.564348191467836,7.900636613018005,1
491,LP002562,1,1,1,1,0,5333,1131.0,186.0,360.0,1.0,2,5.225746673713202,8.581669210600602,1
492,LP002571,1,0,0,1,0,3691,0.0,110.0,360.0,1.0,0,4.700480365792417,8.213652703029998,1
493,LP002582,0,0,0,1,1,17263,0.0,225.0,360.0,1.0,1,5.41610040220442,9.756320761816548,1
494,LP002585,1,1,0,0,0,3597,2157.0,119.0,360.0,0.0,0,4.77912349311153,8.187855443695623,0
495,LP002586,0,1,1,0,0,3326,913.0,105.0,84.0,1.0,1,4.653960350157523,8.109525659752872,1
496,LP002587,1,1,0,1,0,2600,1700.0,107.0,360.0,1.0,0,4.672828834461906,7.8632667240095735,1
497,LP002588,1,1,0,0,0,4625,2857.0,111.0,12.0,1.0,2,4.709530201312334,8.439231649946526,1
498,LP002600,1,1,1,0,1,2895,0.0,95.0,360.0,1.0,1,4.553876891600541,7.970740390007095,1
499,LP002602,1,0,0,0,0,6283,4416.0,209.0,360.0,0.0,0,5.342334251964811,8.745602852402946,0
500,LP002603,0,0,0,0,0,645,3683.0,113.0,480.0,1.0,0,4.727387818712341,6.4692503167957724,1
501,LP002606,0,0,0,0,0,3159,0.0,100.0,360.0,1.0,1,4.605170185988092,8.058010800802085,1
502,LP002615,1,1,2,0,0,4865,5624.0,208.0,360.0,1.0,1,5.337538079701318,8.489821994620105,1
503,LP002618,1,1,1,1,0,4050,5302.0,138.0,360.0,1.0,0,4.927253685157205,8.306472160100585,0
504,LP002619,1,1,0,1,0,3814,1483.0,124.0,300.0,1.0,1,4.820281565605037,8.246433786160365,1
505,LP002622,1,1,2,0,0,3510,4416.0,243.0,360.0,1.0,0,5.493061443340548,8.163371316459912,1
506,LP002624,1,1,0,0,0,20833,6667.0,480.0,360.0,1.0,2,6.173786103901937,9.944293546928382,1
507,LP002625,1,0,0,0,0,3583,0.0,96.0,360.0,1.0,2,4.564348191467836,8.183955717304954,0
508,LP002626,1,1,0,0,1,2479,3013.0,188.0,360.0,1.0,2,5.236441962829949,7.8156105320351905,1
509,LP002634,0,0,1,0,0,13262,0.0,40.0,360.0,1.0,2,3.6888794541139363,9.492658081928813,1
510,LP002637,1,0,0,1,0,3598,1287.0,100.0,360.0,1.0,0,4.605170185988092,8.188133414510478,0
511,LP002640,1,1,1,0,0,6065,2004.0,250.0,360.0,1.0,1,5.521460917862246,8.71028982137815,1
512,LP002643,1,1,2,0,0,3283,2035.0,148.0,360.0,1.0,2,4.997212273764115,8.096512917501594,1
513,LP002648,1,1,0,0,0,2130,6666.0,70.0,180.0,1.0,1,4.248495242049359,7.6638772587034705,0
514,LP002652,1,0,0,0,0,5815,3666.0,311.0,360.0,1.0,0,5.739792912179234,8.668196064952765,0
515,LP002659,1,1,3,0,0,3466,3428.0,150.0,360.0,1.0,0,5.0106352940962555,8.150756470275551,1
516,LP002670,0,1,2,0,0,2031,1632.0,113.0,480.0,1.0,1,4.727387818712341,7.616283561580385,1
517,LP002682,1,1,0,1,0,3074,1800.0,123.0,360.0,0.0,1,4.812184355372417,8.03073492409854,0
518,LP002683,1,0,0,0,0,4683,1915.0,185.0,360.0,1.0,1,5.220355825078324,8.451694209183541,0
519,LP002684,0,0,0,1,0,3400,0.0,95.0,360.0,1.0,0,4.553876891600541,8.131530710604252,0
520,LP002689,1,1,2,1,0,2192,1742.0,45.0,360.0,1.0,1,3.8066624897703196,7.692569648067906,1
521,LP002690,1,0,0,0,0,2500,0.0,55.0,360.0,1.0,1,4.007333185232471,7.824046010856292,1
522,LP002692,1,1,3,0,1,5677,1424.0,100.0,360.0,1.0,0,4.605170185988092,8.644178203170727,1
523,LP002693,1,1,2,0,1,7948,7166.0,480.0,360.0,1.0,0,6.173786103901937,8.980675603671708,1
524,LP002697,1,0,0,0,0,4680,2087.0,130.0,360.0,1.0,1,4.867534450455582,8.451053388911692,0
525,LP002699,1,1,2,0,1,17500,0.0,400.0,360.0,1.0,0,5.991464547107982,9.769956159911606,1
526,LP002705,1,1,0,0,0,3775,0.0,110.0,360.0,1.0,1,4.700480365792417,8.236155661683124,1
527,LP002706,1,1,1,1,0,5285,1430.0,161.0,360.0,0.0,1,5.081404364984463,8.572627898304338,1
528,LP002714,1,0,1,1,0,2679,1302.0,94.0,360.0,1.0,1,4.543294782270004,7.893198869544609,1
529,LP002716,1,0,0,1,0,6783,0.0,130.0,360.0,1.0,1,4.867534450455582,8.82217476094608,1
530,LP002717,1,1,0,0,0,1025,5500.0,216.0,360.0,1.0,0,5.375278407684165,6.932447891572509,1
531,LP002720,1,1,3,0,0,4281,0.0,100.0,360.0,1.0,2,4.605170185988092,8.361941906144946,1
532,LP002723,1,0,2,0,0,3588,0.0,110.0,360.0,0.0,0,4.700480365792417,8.185350223178686,0
533,LP002729,1,0,1,0,0,11250,0.0,196.0,360.0,1.0,1,5.278114659230517,9.328123407632566,0
534,LP002731,0,0,0,1,1,18165,0.0,125.0,360.0,1.0,2,4.8283137373023015,9.807251944655302,1
535,LP002732,1,0,0,1,0,2550,2042.0,126.0,360.0,1.0,0,4.836281906951478,7.843848638152472,1
536,LP002734,1,1,0,0,0,6133,3906.0,324.0,360.0,1.0,2,5.780743515792329,8.721439305625983,1
537,LP002738,1,0,2,0,0,3617,0.0,107.0,360.0,1.0,1,4.672828834461906,8.193400231952097,1
538,LP002739,1,1,0,1,0,2917,536.0,66.0,360.0,1.0,0,4.189654742026425,7.978310969867722,0
539,LP002740,1,1,3,0,0,6417,0.0,157.0,180.0,1.0,0,5.056245805348308,8.766705997750515,1
540,LP002741,0,1,1,0,0,4608,2845.0,140.0,180.0,1.0,1,4.941642422609304,8.435549202375727,1
541,LP002743,0,0,0,0,0,2138,0.0,99.0,360.0,0.0,1,4.59511985013459,7.6676260915849905,0
542,LP002753,0,0,1,0,0,3652,0.0,95.0,360.0,1.0,1,4.553876891600541,8.20303024171486,1
543,LP002755,1,1,1,1,0,2239,2524.0,128.0,360.0,1.0,2,4.852030263919617,7.713784616598755,1
544,LP002757,0,1,0,1,0,3017,663.0,102.0,360.0,1.0,1,4.624972813284271,8.012018239159062,1
545,LP002767,1,1,0,0,0,2768,1950.0,155.0,360.0,1.0,0,5.043425116919247,7.92588031673756,1
546,LP002768,1,0,0,1,0,3358,0.0,80.0,36.0,1.0,1,4.382026634673881,8.119100837637486,0
547,LP002772,1,0,0,0,0,2526,1783.0,145.0,360.0,1.0,0,4.976733742420574,7.8343923029104365,1
548,LP002776,0,0,0,0,0,5000,0.0,103.0,360.0,0.0,1,4.634728988229636,8.517193191416238,0
549,LP002777,1,1,0,0,0,2785,2016.0,110.0,360.0,1.0,0,4.700480365792417,7.932003152361385,1
550,LP002778,1,1,2,0,1,6633,0.0,157.5,360.0,0.0,0,5.059425458265688,8.799812469525556,0
551,LP002784,1,1,1,1,0,2492,2375.0,113.0,360.0,1.0,0,4.727387818712341,7.820840879907344,1
552,LP002785,1,1,1,0,0,3333,3250.0,158.0,360.0,1.0,2,5.062595033026967,8.11162807830774,1
553,LP002788,1,1,0,1,0,2454,2333.0,181.0,360.0,0.0,2,5.198497031265826,7.805474625270857,0
554,LP002789,1,1,0,0,0,3593,4266.0,132.0,180.0,0.0,0,4.882801922586371,8.186742787113518,0
555,LP002792,1,1,1,0,0,5468,1032.0,26.0,360.0,1.0,1,3.258096538021482,8.60666819784384,1
556,LP002794,0,0,0,0,0,2667,1625.0,84.0,360.0,1.0,2,4.430816798843313,7.888709524182015,1
557,LP002795,1,1,3,0,1,10139,0.0,260.0,360.0,1.0,1,5.560681631015528,9.22414465295258,1
558,LP002798,1,1,0,0,0,3887,2669.0,162.0,360.0,1.0,1,5.087596335232384,8.265392930852224,1
559,LP002804,0,1,0,0,0,4180,2306.0,182.0,360.0,1.0,1,5.204006687076795,8.338066525518801,1
560,LP002807,1,1,2,1,0,3675,242.0,108.0,360.0,1.0,1,4.68213122712422,8.209308411646937,1
561,LP002813,0,1,1,0,1,19484,0.0,600.0,360.0,1.0,1,6.396929655216146,9.877348894926433,1
562,LP002820,1,1,0,0,0,5923,2054.0,211.0,360.0,1.0,0,5.351858133476067,8.686598356276965,1
563,LP002821,1,0,0,1,1,5800,0.0,132.0,360.0,1.0,1,4.882801922586371,8.66561319653451,1
564,LP002832,1,1,2,0,0,8799,0.0,258.0,360.0,0.0,2,5.552959584921617,9.08239335764556,0
565,LP002833,1,1,0,1,0,4467,0.0,120.0,360.0,1.0,0,4.787491742782046,8.404472321352118,1
566,LP002836,1,0,0,0,0,3333,0.0,70.0,360.0,1.0,2,4.248495242049359,8.11162807830774,1
567,LP002837,1,1,3,0,0,3400,2500.0,123.0,360.0,0.0,0,4.812184355372417,8.131530710604252,0
568,LP002840,0,0,0,0,0,2378,0.0,9.0,360.0,1.0,2,2.1972245773362196,7.774015077250727,0
569,LP002841,1,1,0,0,0,3166,2064.0,104.0,360.0,0.0,2,4.6443908991413725,8.060224240440958,0
570,LP002842,1,1,1,0,0,3417,1750.0,186.0,360.0,1.0,2,5.225746673713202,8.136518252115291,1
571,LP002847,1,1,0,0,0,5116,1451.0,165.0,360.0,0.0,2,5.10594547390058,8.540128162698734,0
572,LP002855,1,1,2,0,0,16666,0.0,275.0,360.0,1.0,2,5.616771097666572,9.721125994942152,1
573,LP002862,1,1,2,1,0,6125,1625.0,187.0,480.0,1.0,1,5.231108616854587,8.720134035412928,0
574,LP002863,1,1,3,0,0,6406,0.0,150.0,360.0,1.0,1,5.0106352940962555,8.764990330169104,0
575,LP002868,1,1,2,0,0,3159,461.0,108.0,84.0,1.0,2,4.68213122712422,8.058010800802085,1
576,LP002872,1,1,0,0,0,3087,2210.0,136.0,360.0,0.0,1,4.912654885736052,8.034955024502159,0
577,LP002874,1,0,0,0,0,3229,2739.0,110.0,360.0,1.0,2,4.700480365792417,8.079927770758275,1
578,LP002877,1,1,1,0,0,1782,2232.0,107.0,360.0,1.0,0,4.672828834461906,7.485491608030754,1
579,LP002888,1,0,0,0,0,3182,2917.0,161.0,360.0,1.0,2,5.081404364984463,8.065265208897733,1
580,LP002892,1,1,2,0,0,6540,0.0,205.0,360.0,1.0,1,5.3230099791384085,8.785692444451245,1
581,LP002893,1,0,0,0,0,1836,33837.0,90.0,360.0,1.0,2,4.499809670330265,7.515344571180436,0
582,LP002894,0,1,0,0,0,3166,0.0,36.0,360.0,1.0,1,3.58351893845611,8.060224240440958,1
583,LP002898,1,1,1,0,0,1880,0.0,61.0,360.0,1.0,0,4.110873864173311,7.539027055823995,0
584,LP002911,1,1,1,0,0,2787,1917.0,146.0,360.0,0.0,0,4.983606621708336,7.932721027481948,0
585,LP002912,1,1,1,0,0,4283,3000.0,172.0,84.0,1.0,0,5.147494476813453,8.36240897761537,0
586,LP002916,1,1,0,0,0,2297,1522.0,104.0,360.0,1.0,2,4.6443908991413725,7.739359202689098,1
587,LP002917,0,0,0,1,0,2165,0.0,70.0,360.0,1.0,1,4.248495242049359,7.68017564043659,1
588,LP002925,1,0,0,0,0,4750,0.0,94.0,360.0,1.0,1,4.543294782270004,8.465899897028686,1
589,LP002926,1,1,2,0,1,2726,0.0,106.0,360.0,0.0,1,4.663439094112067,7.9105906122564775,0
590,LP002928,1,1,0,0,0,3000,3416.0,56.0,180.0,1.0,1,4.02535169073515,8.006367567650246,1
591,LP002931,1,1,2,0,1,6000,0.0,205.0,240.0,1.0,1,5.3230099791384085,8.699514748210191,0
592,LP002933,1,0,3,0,1,9357,0.0,292.0,360.0,1.0,1,5.676753802268282,9.143880005275912,1
593,LP002936,1,1,0,0,0,3859,3300.0,142.0,180.0,1.0,0,4.955827057601261,8.258163361537619,1
594,LP002938,1,1,0,0,1,16120,0.0,260.0,360.0,1.0,2,5.560681631015528,9.68781601606062,1
595,LP002940,1,0,0,1,0,3833,0.0,110.0,360.0,1.0,0,4.700480365792417,8.251403065380556,1
596,LP002941,1,1,2,1,1,6383,1000.0,187.0,360.0,1.0,0,5.231108616854587,8.761393485256058,0
597,LP002943,1,0,0,0,0,2987,0.0,88.0,360.0,0.0,1,4.477336814478207,8.00202481821611,0
598,LP002945,1,1,0,0,1,9963,0.0,180.0,360.0,1.0,0,5.19295685089021,9.206633510044856,1
599,LP002948,1,1,2,0,0,5780,0.0,192.0,360.0,1.0,2,5.2574953720277815,8.662158961666423,1
600,LP002949,0,0,3,0,0,416,41667.0,350.0,180.0,1.0,2,5.857933154483459,6.030685260261263,0
601,LP002950,1,1,0,1,0,2894,2792.0,155.0,360.0,1.0,0,5.043425116919247,7.970394907191429,1
602,LP002953,1,1,3,0,0,5703,0.0,128.0,360.0,1.0,2,4.852030263919617,8.648747631156539,1
603,LP002958,1,0,0,0,0,3676,4301.0,172.0,360.0,1.0,0,5.147494476813453,8.209580483475577,1
604,LP002959,0,1,1,0,0,12000,0.0,496.0,360.0,1.0,1,6.206575926724928,9.392661928770137,1
605,LP002960,1,1,0,1,0,2400,3800.0,113.0,180.0,1.0,2,4.727387818712341,7.783224016336037,0
606,LP002961,1,1,1,0,0,3400,2500.0,173.0,360.0,1.0,1,5.153291594497779,8.131530710604252,1
607,LP002964,1,1,2,1,0,3987,1411.0,157.0,360.0,1.0,0,5.056245805348308,8.290794347381356,1
608,LP002974,1,1,0,0,0,3232,1950.0,108.0,360.0,1.0,0,4.68213122712422,8.080856419640986,1
609,LP002978,0,0,0,0,0,2900,0.0,71.0,360.0,1.0,0,4.2626798770413155,7.9724660159745655,1
610,LP002979,1,1,3,0,0,4106,0.0,40.0,180.0,1.0,0,3.6888794541139363,8.32020459757888,1
611,LP002983,1,1,1,0,0,8072,240.0,253.0,360.0,1.0,2,5.53338948872752,8.996156562033445,1
612,LP002984,1,1,2,0,0,7583,0.0,187.0,360.0,1.0,2,5.231108616854587,8.933664178700935,1
613,LP002990,0,0,0,0,1,4583,0.0,133.0,360.0,0.0,1,4.890349128221754,8.430109084509125,0
